"項","乗務員の所属コード","乗務員の所属名","乗務員コード","乗務員名","休憩時間","総労働時間","所定内労働時間","法定内所定外労働時間","法定外労働時間","法定外労働時間 60時間超","法定休日労働時間","深夜労働時間","備考","荷積時間","荷卸時間","待機時間","修理時間","点検時間","洗車時間","給油時間","荷待時間","自附帯時間","荷附帯時間","その他時間","運転時間","走行距離","法定外労働時間60時間内の深夜労働時間","法定外労働時間60時間超の深夜労働時間","所定休日労働時間"
"1","00000001","津営業所","00000001","鈴木　康之","30:02","209:10","165:19","0:00","43:51","0:00","0:00","13:24","有給休暇:0、有給時間:0:00","20:35","25:27","1:36","0:00","6:59","0:00","0:00","0:00","0:00","0:00","3:29","151:04","7759.6","0:00","0:00","0:00"
"2","00000001","津営業所","00000002","森川　喜久美","23:19","209:24","164:44","0:00","52:40","0:00","0:00","2:16","有給休暇:0、有給時間:0:00","27:59","38:49","1:08","0:00","4:18","0:00","0:00","0:00","0:00","0:00","1:15","135:55","5317.9","0:00","0:00","0:00"
"3","00000001","津営業所","00000003","新堂　圭宏","22:41","209:18","166:33","0:00","42:45","0:00","0:00","2:13","有給休暇:0、有給時間:0:00","21:01","36:28","0:28","0:00","4:24","0:00","0:00","0:00","0:00","0:00","1:06","145:51","5418.2","0:00","0:00","0:00"
"4","00000001","津営業所","00000006","喜多　弥史","22:34","198:16","155:15","0:00","43:01","0:00","0:00","2:10","有給休暇:0、有給時間:0:00","24:48","35:12","1:43","0:00","4:12","0:00","0:00","0:00","0:00","0:00","5:00","127:21","5093.0","0:00","0:00","0:00"
"5","00000001","津営業所","00000007","安永　克義","23:28","189:06","165:19","0:00","23:47","0:00","0:00","7:06","有給休暇:0、有給時間:0:00","21:55","30:12","0:00","0:00","4:23","0:00","0:00","0:00","0:00","0:00","1:48","130:48","5453.2","0:00","0:00","0:00"
"6","00000001","津営業所","00000024","白石　明弘","27:01","222:42","168:00","0:00","54:42","0:00","0:00","0:00","有給休暇:0、有給時間:0:00","25:31","47:05","0:38","0:30","5:06","0:00","0:00","0:00","0:00","0:00","0:21","143:31","6207.5","0:00","0:00","0:00"
"7","00000001","津営業所","00000025","伊勢本　滋","24:50","203:58","159:49","0:00","44:09","0:00","0:00","2:01","有給休暇:0、有給時間:0:00","20:25","40:07","0:26","0:00","4:32","0:00","0:00","0:00","0:00","0:00","1:17","137:11","6047.2","0:00","0:00","0:00"
"8","00000001","津営業所","00000026","三浦　文稔","24:48","241:19","176:00","0:00","65:19","5:19","0:00","2:02","有給休暇:0、有給時間:0:00","26:52","52:51","1:35","0:00","5:25","0:00","0:00","0:00","0:00","0:00","0:19","154:17","6172.6","0:00","0:00","0:00"
"9","00000001","津営業所","00000029","増井　正明","26:29","236:47","168:00","0:00","68:47","8:47","0:00","0:00","有給休暇:0、有給時間:0:00","29:05","63:53","2:16","0:00","5:15","0:00","0:00","0:00","0:00","0:00","0:11","136:07","5371.3","0:00","0:00","0:00"
"10","00000001","津営業所","00000030","山田　純","19:16","166:20","131:07","0:00","35:13","0:00","0:00","9:49","有給休暇:0、有給時間:0:00","17:29","31:14","1:42","0:00","3:24","0:00","0:00","0:00","0:00","0:00","0:06","112:25","4611.6","0:00","0:00","0:00"
"11","00000001","津営業所","00000031","新堂　晃史","27:24","247:34","176:00","0:00","71:34","11:34","0:00","0:00","有給休暇:0、有給時間:0:00","30:59","57:38","1:32","0:00","5:27","0:00","0:00","0:00","0:00","0:00","0:16","151:42","6340.7","0:00","0:00","0:00"
"12","00000001","津営業所","00000100","橋爪　和之","8:38","45:17","44:30","0:00","0:47","0:00","0:00","0:00","有給休暇:0、有給時間:0:00","5:14","6:55","0:00","0:00","1:47","0:00","0:00","0:00","0:00","0:00","5:01","26:20","891.1","0:00","0:00","0:00"
"13","00000001","津営業所","00000119","橋爪　正基","24:32","153:56","141:16","0:00","12:40","0:00","0:00","0:00","有給休暇:0、有給時間:0:00","24:07","15:00","16:02","0:00","5:05","0:00","0:00","0:00","0:00","0:00","8:49","84:53","3041.0","0:00","0:00","0:00"
"14","00000003","木曽岬","00000080","堀　好伸","26:06","192:48","157:24","0:00","42:51","0:00","0:00","13:11","有給休暇:0、有給時間:0:00","15:54","31:40","0:00","0:00","3:39","0:00","0:00","0:00","0:00","0:00","0:49","140:46","7148.2","0:00","0:00","0:00"
"15","00000003","木曽岬","00000082","真弓　裕民","214:48","0:00","0:00","0:00","0:00","0:00","0:00","0:00","有給休暇:0、有給時間:0:00","0:00","0:00","0:00","0:00","0:00","0:00","0:00","0:00","0:00","0:00","0:00","0:00","0.0","0:00","0:00","0:00"
"16","00000003","木曽岬","00000120","南谷　篤","27:45","237:48","180:35","0:00","64:02","4:02","0:00","9:27","有給休暇:0、有給時間:0:00","24:02","46:05","0:00","0:00","4:06","0:00","0:00","0:00","0:00","0:00","4:08","159:27","7741.9","0:00","0:00","0:00"
"17","00000004","退社","00000081","加藤　明広","57:03","0:00","0:00","0:00","0:00","0:00","0:00","0:00","有給休暇:0、有給時間:0:00","0:00","0:00","0:00","0:00","0:00","0:00","0:00","0:00","0:00","0:00","0:00","0:00","0.0","0:00","0:00","0:00"
